# Giuseppe De Marco, Alberto Dicembre
# Exploding gradients
# ML-CUP23
# 08/07/2024
1,9.056408521046516,8.75528519962908,19.72891486227619
2,9.403194871695387,-36.112593271314395,33.77307116233386
3,9.626405711552552,5.311577304706174,20.080669156795476
4,-14.260546070426125,9.47000770794016,24.65373929794054
5,-49.012159628582005,8.236469436352426,30.731013770881713
6,9.291564674972909,8.864240987298569,13.364407532086025
7,9.51695338745311,8.273804154461308,13.495675106295385
8,8.3379945375293,9.424734952857014,6.931773646571209
9,4.615930096946379,9.561829765616014,6.5557863280842
10,-38.42825560839685,8.889561390592387,24.285961369922326
11,5.722651720579054,9.61586972165829,12.884716328015326
12,8.613927904709628,-46.414517001899455,14.987358423868926
13,-11.480944873504585,-63.177527249165315,16.123224625947273
14,-23.53524189749331,-51.4258221481562,10.005644209979335
15,-69.08698888944213,-4.826431021193199,4.721613212608577
16,9.814082734546497,-15.93925591853247,8.087574382573894
17,-6.348072939473025,-69.11250001473537,8.817253237423289
18,9.672070710638687,-28.90766458219586,33.29585869166294
19,9.692665108373443,6.6801927052375785,13.7488976648403
20,7.913043102648319,-54.11559206392318,15.177236578923907
21,7.14893117543284,-58.58463466737793,2.852303439369046
22,9.672065728910534,-25.74330184789394,21.042089234641963
23,-48.94999933973116,8.219843528045669,24.155996773415097
24,-70.62648091323982,-1.2070357664482845,17.091149334598157
25,6.011028220845859,-62.63706005619797,3.0008748197041326
26,9.867650545523123,-5.636109267825991,8.063938839800329
27,8.063539764845633,-53.62962442764042,2.561062470853224
28,5.095353637979669,-65.90892874279663,28.146030160192545
29,9.790389898986055,-4.76395341041251,7.991117405761972
30,9.168759798605247,8.186841854873894,25.856167974760133
31,9.467965741522509,-5.837995460303568,20.62753027599292
32,4.423633557290224,9.551901765331847,6.5359074975636045
33,5.162565416670219,9.466943620436421,0.2659039563840538
34,-5.758881496080397,-69.02386866753973,15.101621431549168
35,-63.59560562391588,-11.45849071178314,29.67632838657601
36,-10.284072497088896,-65.10385414616853,28.675938970768193
37,6.134117091043315,-60.957647771501534,34.33560786853336
38,-55.00790844948638,-20.12923967464811,16.882327719513892
39,1.841776830757814,-70.30433210644364,34.601232113789194
40,6.843045735297233,-60.72877254757809,8.854713025327587
41,-67.91886537514907,3.859491950849771,10.784345374761699
42,0.5226084517464693,9.436767363819193,18.777007809551133
43,3.1500308878171004,-69.2063965798358,9.460734796389655
44,7.300580527061456,9.519810395707683,19.455980520198676
45,7.026808540105276,-60.32089006663066,15.34597960002109
46,7.2517558673336024,9.859708679119844,31.97183914639635
47,-1.0554947287418872,-70.3200570940486,9.352963352663679
48,2.3167635217052522,9.699008927375463,12.711907184756708
49,5.786747471748783,9.526285970473644,0.2675140772501244
50,8.0101390880285,-52.996391678399775,27.67983515460612
51,-71.0688285789581,2.2095140771578654,23.62838963517433
52,-40.27546525292075,-34.414887242143145,16.259768623508116
53,-54.37478414722932,-20.498800082560017,4.358480309373692
54,-65.2828334839166,5.5042504450408245,17.495590902002565
55,-0.9658624232624626,9.441880891579348,18.814151438639012
56,4.509868867039181,9.555885839196844,6.544279142420587
57,9.190613888407901,-35.36522849608165,8.454866677106837
58,9.435268240472094,0.4308822916201612,1.598045996454789
59,4.44587069784213,-67.52193219727371,9.261034200131052
60,-47.71259533220488,8.283796817459708,11.397030564064881
61,5.982626034376555,-61.71824897004152,34.43212265762316
62,5.582893521936802,-63.95163134254942,3.030223458312853
63,9.296026728099733,-35.660698642493095,21.122114643337753
64,9.505307357485526,6.959859345963274,1.280519384702802
65,-39.52510603973188,-34.94445996926113,4.029449193672944
66,-30.163186839723657,-44.84403256504874,9.974322048603758
67,5.488160972088323,-65.03539431725599,15.469444263324661
68,-42.59523797765916,-44.21015185667407,23.997386575426525
69,9.501630744560774,2.6121046239209758,1.4476020926236148
70,-38.155983565113786,8.910028387395013,24.30791981274505
71,-58.47316699496024,7.414952547972281,17.72656313797648
72,9.808633137061033,-14.090486474720592,20.444415130344076
73,8.060644810573335,-48.88691912659868,8.98249537602407
74,-3.2520986205570126,9.615804007805405,25.04065614791184
75,7.61773807438597,9.53583315387695,6.863249985779801
76,-71.20104412261722,7.304299523866504,17.79667538948571
77,9.662869207673669,-6.180387151793279,26.886352097505647
78,-23.665420571846674,-51.27509304427398,10.028418223756857
79,9.688049221326967,-8.08467293441868,14.574021853520147
80,8.912679551768292,-22.807225603948222,2.4172549020606775
81,-61.3464505648083,6.6436325749323855,17.615352083994416
82,-61.38534799240654,-13.947589343366946,4.095710145461046
83,9.695046733535358,4.646173545702347,7.806619424354589
84,9.226803486936484,8.84254729357786,7.145123235201405
85,9.283063142321174,8.056330214521477,19.816153414313046
86,-68.82223218246966,4.0412433868547195,30.387618117904445
87,-31.73389135242479,-42.78741425934156,16.09159121658802
88,6.9047271824827074,9.630253148617621,0.35084698462871067
89,9.649914758569052,-3.348613509709183,26.903555152868716
90,-17.143478613777617,-58.679778413646105,3.4922891316533864
91,-19.061189413985932,9.52379909168793,24.641644047228407
92,8.577852092196999,-47.04593151315173,20.903730005329994
93,-63.88441989954182,-11.541657240281298,4.191806437253775
94,-54.77755269222998,7.755567219996752,5.288194007295163
95,-37.987757058509295,9.189376310901617,17.623455396334272
96,-1.1167078297513047,9.710461265959147,25.19940086025414
97,4.838244629113221,-66.8458761574519,21.710145250447162
98,9.835774255091122,-6.410832378098908,1.6843907913788336
99,-64.95062401988375,5.64565419118833,17.53703219683723
100,2.5239697404989667,-70.21455534444277,28.2466553556539
101,8.024679505744619,9.748508450764332,32.0342661300502
102,9.239839712947292,-16.169264810359273,1.897042111842914
103,9.549277568263545,3.547853235589789,14.075095994083412
104,-7.256887405373533,-67.16595745810393,28.41146711958546
105,1.83010243780569,-70.47268519573922,15.794809307205742
106,10.24421580213686,-31.27290482410686,2.574742971382399
107,9.499192934827366,6.926978219637471,1.2811021021360924
108,-51.44757386182711,-23.000222955020455,22.96626275902712
109,-70.10078840201643,-2.7814049933444664,4.5471480137497196
110,-8.41086178927607,9.471327374562055,6.125642737297486
111,-65.03793896737754,5.0813728463654515,30.338480282595963
112,9.877365958541546,-12.596750135475132,8.297252743472551
113,9.696210784188786,6.686619992001302,13.748123295733995
114,-70.92523974094254,1.5526026503463144,4.578427909141573
115,4.902903022279849,9.445753090323306,0.2696523739163724
116,-62.096293598088906,-13.34525043810801,4.086136901248871
117,0.32242537459927795,9.052309022151714,6.403770686258069
118,9.616447584495074,0.16760159382130352,7.931055427217485
119,-24.962154041800677,-49.54209077165423,22.41394987853604
120,9.45197187966858,0.7722003606531656,1.5849337219249753
121,-54.834635751641734,7.988545267575797,24.113907214476765
122,8.744770864994937,-41.941641587848785,14.904685054050365
123,-7.501311154687822,9.751682623826508,18.742793873981185
124,-67.00634556071297,5.439396786195788,24.136651161269487
125,2.2243803579030788,-70.13167799044305,15.82045592263528
126,5.423751941908035,-65.1500865783716,28.086709196332883
127,-9.891472832108569,9.698678631264954,18.699983506941432
128,9.489109710808817,2.7985959443170065,7.840853566131268
129,6.826422948948787,-59.85832144010241,2.90894245250374
130,9.555436016304276,3.4049589588209046,1.4184966793244445
131,9.616742960244927,-16.055396839493433,20.479046647121628
132,-69.83963410538317,-4.6921507009168195,16.595545904950914
133,8.270687386833538,9.407296704560665,19.569529448103367
134,2.6778370697125093,9.452441998712706,31.697658445848568
135,-25.99473472882993,-48.86048402417638,9.981593676900314
136,8.611044964622588,9.526917012443974,32.110063160802554
137,-46.95010655879144,8.358360430930114,24.191965415235963
138,-68.98676248121608,-5.019763562484911,4.712794996270441
139,-56.62141992118327,7.4288433749468465,5.230366045419209
140,-8.480837345343907,-66.6237120326688,34.81128069457539
141,-49.73630308689233,8.170468611298991,5.229341757255684
142,7.892870704995339,9.511945290412116,12.952473143200923
143,10.058593616400028,-8.504700183213213,8.357960634922572
144,-69.70536109618574,-3.650954661149567,23.24889467575593
145,8.14788160001601,-52.64938455114134,2.4950425457250667
146,-62.1167634844261,-13.345492053415928,4.085271797662065
147,9.177832443810818,8.937535087942337,7.121557630467089
148,-29.6930600133927,9.292351034703506,30.7422303787818
149,-55.96976531582751,7.936006208584826,11.073111143777176
150,-70.39415163186763,-3.0140710660944543,10.96727197816721
151,-67.15534462959013,-8.280531809609757,23.715624701621497
152,9.356819654277876,6.768163365153981,26.074513874733714
153,7.346303939240205,9.84765958507986,31.97802181702964
154,5.786100068698177,9.632381783327755,6.694597016722898
155,6.424043448042565,-59.64498167694418,34.22727585924265
156,9.19636571909279,-15.46800922313069,33.27470856113503
157,5.580237175814178,9.61665519377541,12.886568824753914
158,7.786907834051931,9.497846507035977,19.508346116102636
159,4.478950535498576,9.557383731222288,6.540591024965588
160,-62.244091152054146,-13.040550770340591,10.65164059949802
161,-6.413331291493958,-67.53180906634255,28.333910469219735
162,-12.221811292498437,-62.21778018693853,16.22018607030705
163,9.597422457868136,6.920965218192514,7.4570997385748425
164,-18.089671692995893,9.749276606307134,31.010332951155657
165,-22.806211520669144,-51.64219952622172,28.89118790794503
166,7.202310939553472,-56.67433964242679,34.03338791746274
167,-64.77312841152322,5.768124029369213,10.964151460327846
168,-60.44738129847686,6.776984227958868,5.026860423167685
169,-67.7684609133116,4.672562666291351,4.689137722946919
170,-42.89593706910237,-32.37919840259916,29.3274313737966
171,-39.56036277968582,8.852050623690278,30.33144071417728
172,-67.28086531850553,-7.524248820928375,10.675800865830892
173,-29.691650508349017,9.27624015763242,11.793430118414346
174,-41.61626183236808,-32.99272984983189,16.291906918331325
175,-16.817642042692338,-57.890724061372055,9.82642746863855
176,2.8218250777417104,9.681300070043866,12.731715938281116
177,-56.332889943811175,-18.931904307562103,16.789920794084317
178,9.60264853851702,-3.7568934486890813,32.99872807688609
179,9.54303554489736,3.2075114758492598,7.846045756100159
180,-35.17969392545679,-39.768939247958315,9.837093551844937
181,7.579482750785411,-55.81492983694697,21.732051390350684
182,9.738701342157318,-25.881796021346837,8.60089544799757
183,-63.648434249335125,-11.366968201728003,29.67268818194244
184,-4.542726335676075,9.2224736951757,12.100230719647183
185,-21.420388237663822,-52.96461742243629,23.003353219618916
186,5.861528430486151,-63.08551727225713,3.0119901710136703
187,-46.43095019996264,-28.234872447697324,4.12424277795801
188,-9.896345483377301,-67.9008002955946,22.6080847192175
189,-13.53537770582383,-61.52239344960568,22.368871342643747
190,-61.44678093886282,-14.385635613182364,29.395405601754657
191,8.800498363876416,-40.73343128432634,14.819116692698433
192,9.033231636067104,-37.376922814086385,14.506782316186786
193,-27.405529102248344,-47.36578195325622,22.333423909665896
194,-70.8008256701803,-0.1653381237077323,29.879617219105235
195,7.8666904390946355,-54.28306030903293,21.603784076777224
196,9.452369271058618,1.5660455606568084,1.5257698864080134
197,9.693237878190113,4.836089530152973,7.787454785490956
198,-69.26384927012987,-5.866015129297347,16.398679176673586
199,8.884084222762718,9.273558307671168,13.201236475461275
200,-1.168010438400231,9.712193058539162,25.199338542160323
201,8.348858743116672,-46.702569954282545,8.735553629448503
202,7.687460156078798,9.813085366542612,32.00414032579289
203,-70.04055135427933,-2.9391917281468443,4.570890384149959
204,-9.479870973739676,9.450958530762183,6.146272080325984
205,7.7946612572661635,-54.62106464965687,21.63354205049547
206,3.33117685814426,9.508462295058786,31.74988343649981
207,-56.30481788692249,-18.668009943413573,10.574420754840151
208,-35.569973573740654,9.011395344428475,11.902607997680573
209,-13.470540300358502,9.375928151337174,5.920413128092216
210,-68.1444443237637,-6.63079148570404,10.585628735807381
211,9.45649832261672,-28.78692636789801,8.777225330197826
212,0.70563945740298,-70.50614862056659,9.319966633390663
213,9.494975070969666,7.070119600222593,1.277376706235848
214,-8.072948451567935,-66.3783546841304,9.590482739224049
215,8.968530310667607,9.206221908780819,13.232063881735112
216,4.382321337739986,-67.6011225496956,9.27566928134092
217,-30.63274667570562,-44.68416194886201,3.7444528391603003
218,-36.900076292129356,9.231864181512524,17.646427062575334
219,9.314428080830265,7.231745908537041,26.02316205530069
220,10.056292509349095,-8.764831965896363,8.366175614135987
221,9.171807315971066,8.470450452216026,19.76849626456066
222,5.127240767030623,9.634269053416876,12.880655566391663
223,-70.65126483392788,-1.0680784994645531,29.654269122877196
224,-31.123666114792155,-43.28678711347641,16.11069491508858
225,-70.76026682975953,-0.4561067951905574,29.798653962749984
226,-69.69023048855618,3.3145667279895448,18.050153552674406
227,-29.543807545213888,9.295064803934354,11.786312062022091
228,9.503287099021092,1.7565016596461764,32.66225304863407
229,9.144364736650797,8.787079754088552,1.0750415226704952
230,-52.33649364278332,8.058973712908905,24.024263382341637
231,0.9300494511141464,9.450052391872749,18.799818594488283
232,-22.992300519064084,9.158057106601708,11.793493737107218
233,7.85874308317233,9.494767671470353,6.884177427235194
234,-13.326507643662742,-62.515449695071155,28.60901663953312
235,-59.71771769752648,-16.348967276539838,29.499541649603117
236,-69.38098437400184,-4.262641396662154,4.721759327130611
237,-21.744192605730486,-52.7350355099217,22.92416456217611
238,-3.269565562305418,9.605080895150296,25.03715049108229
239,8.236527150570776,9.44103154664985,6.92181119792181
240,9.685308823405716,-1.122365755423036,14.181497071309883
241,-70.8042823570269,-1.5499419792719689,11.161098820049714
242,1.4906412502674233,9.694953055535724,12.678902826048127
243,-41.24410764597485,-33.177420626332676,10.382198500766673
244,9.474287603895515,7.889029044832131,7.30567849317674
245,-66.10697227773011,5.546324364121141,4.759520092906456
246,-26.184679034608752,-48.6808746587664,9.967048580697485
247,9.319865634140877,-35.515519376194604,21.124172357501678
248,-71.11941572436349,0.4122960399142321,23.274016526495807
249,-55.75740578131062,7.939025132923847,24.166325000183264
250,9.393775607302254,-21.20141038275343,26.625320521467785
251,-5.091528385706442,9.614615226687452,18.767482529182935
252,-15.986352158071861,9.42226846145772,5.852115985120884
253,10.056980217427197,-12.286386980684693,14.553582284183339
254,9.33334555151363,-35.41678787909155,21.12504813482486
255,7.790327593511916,-55.045621054076875,15.20533956602878
256,3.4525054480850663,-68.61959109394631,15.73858024197735
257,-26.002828651574582,-49.31063130958263,16.21507841145826
258,0.28698360623807073,9.656035054300023,25.195321489185453
259,9.228421291074728,-11.99831192446251,27.032806936407816
260,8.871514953721766,-39.0029173757347,21.030879209350477
261,-9.572201538899995,9.437675437918461,31.033126950233726
262,2.428135083172175,-69.86917717275712,9.443959819272292
263,9.708451787834147,-1.2236873290406336,26.759758466184792
264,5.517946804805687,9.636579217823769,12.887304694698457
265,9.212749610270652,8.019342221827523,25.890708789463908
266,9.200148075608539,-9.475543212523025,27.07765886681394
267,-38.95343298837099,-35.6215923754707,3.943466874007602
268,-12.229321149610124,9.392188985145651,6.019579555857022
269,-45.26733700260026,-30.021834891029783,23.306096255010544
270,6.659799311699368,9.5210588832031,19.389462240164175
271,7.330406002570721,-57.720777459072906,8.955049501525348
272,9.361716386111583,-12.862122427623074,27.04341326482957
273,-50.26061623374752,-23.994727029117712,22.92229301685567
274,-64.36804763810076,-10.3730186061855,29.636219795817492
275,2.142320846430156,9.436130788494008,18.92286981848837
276,-33.81408839437495,9.277884973873352,17.930800626849162
277,9.909593378653302,-22.159832473051168,8.38325925269839
278,1.170139517160107,-71.18788151729159,28.202631370680898
279,5.795617102013101,-62.77928112972239,34.577400230727456
280,7.785099896762494,-51.92574857931321,9.142517234302819
281,9.881792842049075,-12.941529974917085,8.304269977604243
282,-21.52823554545733,9.242457079180905,11.863029497812457
283,-37.421301950167745,-37.390489721378145,29.376309858673597
284,-70.23509456057842,-2.2980302100862446,29.55086632131462
285,5.7123523307707895,9.518203094917782,0.2663041961177627
286,-71.18513065902377,1.0572444606425198,23.40791445998757
287,-37.62358323124615,-37.13076066273326,29.459386055441257
288,-52.3277294736979,8.05201045940773,24.025350322380454
289,9.627613406187528,0.6003605907061708,32.68646095297962
290,9.502769973392788,-12.325952050292269,1.833189982282438
291,-12.85662982870337,-72.70677851238916,22.33176175193679
292,9.164958009726295,8.510387600240334,19.76272045491063
293,-70.57971391271043,-1.343943911970132,29.60657186160127
294,8.425674727547364,-49.7559081929593,14.969492258910638
295,9.220761049596053,8.971638983466764,13.33157728144872
296,4.803212018157588,9.463229253371201,19.203667319112753
297,9.368037701810103,-22.099916502185174,20.943550665859213
298,-64.15215635526371,-10.649132617980616,29.643908631284727
299,9.591329608147078,-25.41098908405522,33.07685536260768
300,7.397518365103264,9.842336573369305,31.981427064702803
301,6.3621322489920065,9.480388413799986,25.37559477975055
302,7.356652436379131,-57.69907300071169,2.807998682304718
303,9.38047298221063,7.891120239695009,32.36161717249636
304,-1.7655749556630558,9.076863531335832,6.309355296390974
305,-20.828017995055287,-54.463592292747286,9.531375465361506
306,-12.049444695143626,9.508215049486257,12.29122961219592
307,9.547661014666122,-29.961198835474818,14.694371243284355
308,9.700261511572922,-5.449155671626296,26.94415892908811
309,-70.59301388218647,-2.514139309555339,11.055740831782686
310,-25.48257819795109,-49.00685196975999,22.389394515046423
311,-25.597960246928,-49.899750883188965,15.99421385039722
312,4.450776608746693,9.413118781450756,25.269356196370467
313,9.084722460094593,8.456325505721116,25.796592672966955
314,9.576676257416182,-32.832452199644685,21.131740852018407
315,3.28764898823974,-68.85997987036434,15.76687024803503
316,8.343945202697018,9.45938897513653,0.698246826933995
317,6.36902576494817,-62.80287232858835,15.41588564303645
318,-15.387756536852663,-59.65766089603302,15.912333821802434
319,9.693345632498115,-0.6457601586516212,20.104773448207503
320,-62.98140221780589,-11.982904269367305,10.793265190271619
321,8.671601766731943,9.05542452194933,25.653879882382064
322,9.627834426068754,4.206950627934777,32.78094439660688
323,0.8235989419115028,-71.25495503124839,28.213886109575792
324,-70.82581245942416,0.32984703064314197,30.024951214903815
325,-10.882781917730247,9.661900840925659,24.85806536254187
326,9.062031232676134,8.922853472753605,1.0250951272547866
327,9.55402849846095,5.610138300068099,1.3245580644961148
328,-11.753907708310118,-62.81788419476577,16.163141348826855
329,-44.61387356515454,-29.99550277520126,16.421500438540786
330,-10.996310035210739,-74.16428433589148,12.216272308756626
331,-55.88020956970492,7.797737037275368,17.676382549141515
332,9.516376676692246,-11.818745152817618,1.8305031367279987
333,-27.875203753153738,9.43819695629054,30.77783828267449
334,7.970982868396628,-54.43952856437197,2.6143685986171863
335,9.600259323122529,-25.101439211378143,20.999443497464515
336,9.460569154410857,-21.361494659553383,33.45748435484619
337,0.8437190020222858,-70.62315851631274,34.65174732166561
338,8.913535411408546,9.212303096679417,7.0363906100439255
339,-3.8339351225463725,9.56875445350739,24.966945115617186
340,-15.164327276580769,9.422710165386778,24.607366788223892
341,9.3677931403386,6.390837435583708,26.111703882242285
342,-38.03855984855191,-36.607968387728626,29.559354909647396
343,-50.61527775979801,8.140302699664485,5.2555799509771814
344,-55.53074780253767,-19.316168441738075,4.310205554878868
345,9.487290947405802,6.77461789734362,19.97814968909902
346,9.151321974525738,-10.683622863299979,27.045852844797707
347,2.65743513328381,9.383423929825899,6.49192593593547
348,1.5939049137645747,9.615317752386046,25.223912019452847
349,9.840612000920675,-14.515726541075532,8.196988491683749
350,8.883782167325437,-49.997364212156405,34.36407631880395
351,-69.21170693084935,2.4310950680401087,10.7658376044531
352,11.0655718412665,-33.77828798814951,2.2776919699564773
353,-66.1006947199129,-8.383408798623755,29.701677052750625
354,-58.20886959119296,11.32262279965245,11.586765220263935
355,-70.30820345030949,1.148351512070441,10.922738574299062
356,-43.70587312286493,-31.328810996003522,29.261013498297096
357,-20.957454945168884,9.306251373861073,11.917479487218824
358,9.396651413593943,-0.017242281950883554,1.5994240456200903
359,-28.20713684343143,9.456615459599083,5.463808996483832
360,9.282329509234422,7.569694888147454,25.973960415295657
361,-33.22182776402322,-41.53262116333762,10.168125954808353
362,-15.230680198940608,9.46577106459002,12.15492729597318
363,-30.293291485880367,-44.45945124486498,28.80432444697297
364,-39.076592422436065,8.878756924721667,30.29868413449908
365,-53.64795778756563,-21.725466709321164,29.295017621390024
366,-45.07004832997012,-29.528807988540585,10.546785524491037
367,9.670301682022492,-30.13444054469349,33.57787955663538
368,7.426881724003645,-56.68045448841902,21.797743726369895
369,9.453103058347939,8.020184374604831,7.287633672254046
370,8.528427193910135,9.566783973589974,32.09327759941863
371,-58.69278657635704,6.068404439851412,29.916889505552774
372,-7.225224977766027,-69.00657490940166,14.64042244100906
373,6.975155341603418,9.526530564540112,19.421748536313533
374,5.775611509939868,9.635570419706195,6.693831838768096
375,9.70665419203235,0.0009475068409897647,20.066503592427587
376,-37.89426696120499,-36.77453816719087,29.537797622776406
377,-29.490518399907472,-45.34486526894,28.941211800565434
378,9.663377143970234,-3.823746988843511,20.499318535004868
379,-56.40629897290593,-18.849866863747696,16.790309426595314
380,-11.423045453196625,9.534378549380952,12.303630228717434
381,-6.279198441827835,-70.51481435142361,8.246671909870829
382,-14.350212947437218,9.513948568628447,31.053818863520444
383,9.102935102622752,8.861177883085322,1.0479758653261646
384,9.179472156257026,8.460236359053633,19.7677598472193
385,9.290084981265966,-15.757269080143644,1.8787054085582848
386,-53.9656383074936,-20.852687834154217,4.393285281102707
387,9.870502793522482,-13.282856660217174,20.477191106236187
388,9.588532429328799,-31.655899787085797,33.7827707005617
389,6.855197529763823,9.520621608002552,19.41044796791557
390,8.989444054534449,-36.84479030338314,27.549287332626346
391,8.189879781736144,9.457484138465428,6.913536772158011
392,8.97624602286717,9.270066882308075,32.17722209066797
393,-11.802357280152327,-63.866731661922415,28.62906377739416
394,7.807154144988756,-51.51047101227424,9.140574516682275
395,8.640352935312713,9.074926741436084,25.64363650690773
396,7.638710518023082,9.434392609781995,25.51194022604108
397,-7.27528962649357,9.731770532584422,18.74609106524931
398,-51.457899402631064,8.094204159645091,17.49854875559007
399,8.196405695622689,-52.161807842122506,2.461419150141668
400,-29.47062955698716,9.084409051197268,24.214018521004533
401,3.8865562984855386,9.57372426750507,31.791012905286856
402,5.165415771515212,-66.15985004519783,21.722515313144022
403,9.4649315169115,-6.427893040843796,20.637441253230005
404,8.999270467513158,-40.84578253802839,8.446212252137725
405,9.380686324168341,8.08434165575903,1.2228974372927297
406,-48.608031445585894,8.24467717056805,24.171401678321217
407,-7.264398830311791,-67.79331017722309,34.710782256235504
408,9.624830633038144,4.144193819769255,32.78213705753309
409,9.521526722201411,-10.387580136732414,33.30661445904944
410,9.485351431182323,4.159024004725824,26.39304007654289
411,6.824369043644322,9.59271187832931,6.804492126501975
412,-43.12070842826486,-34.652042344612525,23.69029461453686
413,7.5574308962793095,9.450315121322264,25.50305223905364
414,7.719709726045407,-56.83665227810832,27.980347647246397
415,9.686193851418428,5.675737671166489,7.668346052433472
416,1.1876367568320045,-70.45549145821849,9.34155420328155
417,-11.345795898119567,-71.38451377023719,13.946788936639445
418,9.409158179924129,-14.190718556245136,1.8385100898823552
419,9.373931127686841,-0.1712601707576687,1.5958671025992102
420,-68.31164954047122,3.4272834787371798,10.762416282490443
421,-69.7239483029731,-3.322283128309593,29.617742210252306
422,-28.05516297081504,-46.853048361221695,9.857273253992918
423,-6.04075119558119,9.439784879510857,30.93896798686494
424,9.612524233030962,6.754900653514956,7.487097274252082
425,9.282986654640522,-15.79414331837739,1.8804955648035253
426,-70.53774204074546,-1.7406971413797538,23.058089604807
427,6.561966311100169,9.523318007135273,19.379522127697822
428,7.978116634196725,-49.62571997040233,9.049855723427113
429,4.826439136311537,-65.92885977502004,3.0644718524795325
430,8.757243302572249,9.348494425037243,13.1579592077141
431,-63.33187020749756,-11.839169796076082,29.68791099503132
432,-69.93039956503864,-3.924821614006114,10.78660133033274
433,-60.44322188576932,-14.80423790872716,10.714070854780065
434,-25.369204061444783,-48.32401995887048,4.216098925640677
435,-11.101110536155712,-63.70125349753664,16.07074798189339
436,-4.939200947834945,9.232164732517816,12.09155050256101
437,5.184979151051477,9.60516183132449,6.6193440323877955
438,5.066116365070628,9.450578623247411,0.26719852473525824
439,9.503380395141079,7.10990747777125,1.277409722755724
440,-29.133247572100924,9.434176514432888,18.253776806909674
441,9.621432888567096,-23.725483227142806,14.949972028959436
442,-55.70508358774947,6.832000420211142,29.953412253920874
443,8.566400879942298,-43.788761601869645,21.084035523489113
444,9.400470139298017,-33.29749999401181,14.572252291130786
445,3.920997405697824,9.579094891453522,31.793258860960087
446,8.16603573843444,-52.52464142815046,2.486039169443858
447,1.6627905638082834,-70.9565857133309,28.202283144551995
448,-51.70572864675133,-22.794625596328977,22.971910756035264
449,9.516198560034093,2.6706640127370638,26.623406802232314
450,9.303909827566484,-13.005575863503546,33.16959392926639
451,9.927946071047385,-6.174400450603136,8.119856173079372
452,-10.210216299938931,-65.17338247967493,28.67942085995594
453,-56.69277914416347,-19.53427298167025,22.876705885434315
454,-59.94508718914083,-14.9768854878259,4.186138364315586
455,-44.35058702718601,8.544216084410866,11.472588999262873
456,9.047318505376069,8.780222304731634,19.72518667560197
457,-50.17618262699649,8.028113434471587,11.415756000790555
458,0.451972957579181,9.661136198881488,25.196012015751762
459,-18.103497225682435,-56.23274647146726,22.78402027066826
460,-23.53519637588699,9.395862799048341,18.45547887059977
461,-36.7251706695081,9.0451141091157,24.429853914591796
462,-53.24125073744585,-21.386666052574284,10.594613031247768
463,-43.72761568346842,-44.313696583798205,24.44216458518327
464,-6.355122470978091,9.372161870876486,12.16617153520605
465,9.31894547497193,-12.596036366380785,27.03930287188952
466,-69.33981691961813,-4.368134582514601,23.308208502666663
467,1.5290983752006404,-70.37456568855316,9.36534580779776
468,-35.90757846493657,9.210409476146767,4.941612112927095
469,9.503203483884054,2.9513937735046474,26.596968234050422
470,9.17328359074558,8.46855162003426,19.76656206599373
471,-43.24190367797987,-32.02731014607032,29.292994211022965
472,-15.525548396229443,-60.06577076073089,35.03746890027373
473,8.60725759819681,9.343768323107984,6.973466046714931
474,-59.07732293326268,7.934658315360165,11.386585944676671
475,-12.02715032307984,-63.67557041099027,28.62434756052341
476,9.540910126511895,7.389176476112217,7.383581682564007
477,9.640878106445813,-17.885853497882458,14.529917752974693
478,9.417228506977601,-2.9877742972436727,1.6824288764583817
479,2.3883789023869566,-69.95708533963618,15.8264907673445
480,-66.42632620941944,5.6642467227061255,24.17051857480896
481,-70.58509576347286,-2.5022139446492466,11.056991734331806
482,9.691729413653484,6.779228124213437,13.736848593285089
483,2.0807514563022673,9.242681669904536,0.23213176496095814
484,-69.76444604152599,-3.2344153096337536,29.60904812863085
485,9.349319442582885,-30.133309721830642,27.33645319843766
486,-15.50656534978646,9.457652014029843,12.15734768023357
487,-9.323359950852716,9.453910614878584,31.0184514923792
488,9.705805804415032,-1.796088900921322,20.248199153300177
489,-66.1130855823539,-8.443383956237549,10.809001087277833
490,-69.48573649957459,2.1340813513635988,10.787076249798611
491,7.786096299239792,-55.5864546352816,2.6876125166110554
492,-70.236704961782,-2.726898297879238,16.870213226530872
493,-24.197581404557347,-50.07252782020111,28.922002064210268
494,0.8330342766624783,9.147277608621852,6.425711871310862
495,7.314656978632669,9.52262002863596,12.881947175715581
496,3.8044630762973433,9.57124766660116,31.785698777129273
497,6.652850950148876,9.608343423194794,0.31959275752394706
498,5.503755853917518,-64.1775279504889,3.0346519277567072
499,9.115743275075324,-38.987531128482644,8.39377945594102
500,1.2328525319401162,9.634906917010863,25.211552380261395
501,9.322539948380362,8.593041890828436,7.19606343444949
502,7.466149494066796,9.846562175275613,31.987081423229267
503,-58.10698549386059,7.623264278128469,24.255206648190264
504,5.305286445726702,9.479739941271534,0.26526939976329844
505,9.04508348078659,-19.302957693862304,2.105763061195035
506,9.758339679505617,-1.3814907217652916,7.956158305206157
507,9.705978509682227,1.8104792238889633,20.117276786013427
508,1.6922777188594644,-70.36327639701872,34.60882175556712
509,0.08713270278515022,9.643647897242293,0.1406152604254038
510,-66.44659760163206,-8.192111837973586,10.771389255324186
511,0.8028157193802107,-70.99680490646756,15.74487299022027
512,9.380047236112034,8.06040202801875,32.34637776115331
513,9.250929975157167,8.161323226859333,19.80451041502261
514,9.149954508763104,-10.412785716702695,27.053204933782403
515,-1.6646506258335472,-70.6064106122308,28.40801215965169
516,-40.4098022197805,-34.25533374071497,16.255141627954607
517,9.69382068191123,6.0328578430619455,13.826511927736926
518,3.235064068281448,9.499444829423712,31.74233043539565
519,7.226000145468075,9.641125266565833,0.40106187077721495
520,-64.86252111152879,-9.773169687580488,29.632388044649144
521,8.997597621536432,-43.52712269524863,2.5207200733175825
522,8.995871949418365,-48.72505265632947,34.49528018459487
523,9.582745102541441,0.6793152772847131,14.10482460177524
524,-0.7006419924248936,-70.94983811454725,3.156822877012142
525,-11.360214784547406,-64.91948595591306,22.313398274433702
526,8.57281770448749,-45.65142667298529,2.3942581965531575
527,5.771701203592239,-62.89483127602595,34.59197662889632
528,-27.84554744821387,-46.867110085182915,29.02737614574254
529,-3.027395830070769,-70.17264591366146,15.731921328647292
530,-68.82370773316502,-5.326677729720424,23.368007561795125
531,9.659973643303278,7.373845520471636,13.6484327121584
532,-9.146436306870239,-64.99042873217056,3.430148962733798
533,-9.187718341580226,9.46477200550317,6.145579495735794
534,6.410915302482853,-62.7086500002873,15.413183713969469
535,9.077708709550958,9.138029858247899,13.272628484227198
536,-31.870671132472488,-42.966400276743585,10.215527216006512
537,9.573909491639613,5.323079741895857,1.3395321218585163
538,0.2883615988759246,9.05270066858959,6.401961237111125
539,9.554105129978186,-14.171978538756997,27.059805540293304
540,-21.289476802382847,9.272952575275934,11.884505946444254
541,6.969701789812639,-59.28846564353373,2.8849149975956436
542,9.621646504646135,5.395532681959095,20.077945539435554
543,9.628810724465968,-26.67357825323136,14.877082497037131
544,-11.248172622765466,-63.82730120980126,34.98682898256627
545,9.452233847605642,6.993724006268475,19.951175266554465
546,-9.433017879899769,9.597377729091274,12.324353378665323
547,5.367205379720401,-65.29085907340755,15.477116076272466
548,8.521231394149657,9.390670617660529,0.7636644514778057
549,-70.48861918493672,-2.7831983920743033,11.00997454466241
550,-32.814941246848626,9.098306419056115,24.33126858660203
551,8.788430891111078,-44.35300261234987,2.489376183854595
552,-2.5128682153296378,9.675916692722772,25.12789791540571
553,5.961781339855425,-62.77597418131845,3.0045549468527915
554,-19.520789784601895,9.563084578460709,18.38438244297582
555,-70.13932723460681,-3.5432914310291346,10.862417956212036
556,-70.46575835105439,-1.7222752914663846,29.564490101404978
557,-70.58069554232047,2.158368059709488,30.491653192024636
558,9.61896770476447,-23.59093720625661,14.942712118044494
559,-53.751161937841744,7.889629681388207,5.299745431395903
560,7.732966454857419,9.8112759227563,32.00742903538627
561,-10.56462415711901,-64.46408984078477,9.75164263164893
562,6.760621863038897,9.555552730557807,12.858892545134324
563,9.37535112373369,-18.711191734944745,20.73252815718601
564,9.704027354085428,-1.8739402776502374,26.824766096939648
565,-11.76737114818918,-66.08639594588146,22.283115676282122
566,-0.19355412880271664,-70.95407891459294,3.16593619167869
567,-52.09679984005178,7.7536770135811635,30.338628294108663
568,-59.3218574523307,6.959511201524835,5.091373002605413
569,8.57485382363525,-43.88837098091862,21.081265035516687
570,-24.126820853868644,9.421740130180954,18.467363521215894
571,3.672888262483343,9.449543681672553,25.27081162702175
572,-34.2215061845729,9.306348938710217,5.189527860917038
573,-33.9173659971871,-40.92460210382423,3.3792362300823298
574,9.402079216631673,-33.65430075666125,33.72975027422099
575,8.73144705373324,9.308385136134977,6.996047457016448
576,9.572031701297457,-4.747583362348667,33.150910875418994
577,9.824090500549914,-6.959277177146918,1.6535129130234314
578,-4.774642169046226,-69.25863417336299,3.157270204809575
579,-24.974544363198596,9.968895780670625,31.056289813480653
580,9.623065708058828,4.854868825725657,32.7363868698293
581,2.3949506809680248,-69.94856819174439,15.82608307649266
582,-35.68967060945886,9.224063855173426,4.9776761472053455
583,-62.0248605696781,-13.063721197702765,17.048693595549956
584,-66.5716281636682,5.611918785509585,24.166719000106905
585,-59.162253801349,-16.92850684490418,29.520022555679827
586,9.623664736275831,-4.2528044053576135,20.548550401569337
587,-15.518907964672314,-59.791383204246586,22.399913049493684
588,9.426110943027519,8.555367681314117,13.437339894238704
589,2.4606880899548123,9.243433093537217,0.25496812093219573
590,7.980887519966535,-54.333268970654686,2.6076422296075967
591,7.383162485409907,9.464171801558255,25.485712661256798
592,0.934993091714874,9.378682079894697,0.16185880915994638
593,-66.93225901597016,-8.085077696540072,4.440392495734034
594,-43.4963923848141,-31.68826546231539,29.27602523331377
595,-31.331583720196324,9.367949080854075,5.413528382659722
596,-41.607800858907055,8.682642455878975,24.204724113136788
597,-37.14724570800413,9.222998764761066,17.637391037225868
598,9.387222780606686,-2.758048938489307,1.6588106374104625
599,-5.022885943286114,9.416801288881711,30.941565189419965
600,9.880634947216791,-12.292504438297545,8.290248200233286
601,9.566075883231099,-5.103561304546721,33.20205792130218
602,8.762711426005723,8.973993373901546,25.675736346982756
603,-0.540850926601564,9.587967513080429,12.503630268285928
604,-67.82193610883878,4.445426039622399,30.3221676671005
605,6.9128531393514105,9.487574208164741,25.436480291034332
606,-18.216713923822006,-56.08326709571431,22.809130988675047
607,8.99049128407103,-36.17498519082563,27.567710411006924
608,-61.03523404480063,-14.887815787178022,29.374742652925185
609,-4.887457385755395,9.12827833315437,5.959176789196908
610,-57.3477585062267,-17.357467058987368,4.287010612428842
611,2.437894497399515,9.361434731902003,6.491543367809387
612,6.282816156273476,-63.00830410773828,8.804018317770861
613,5.915292682365935,-64.03206124460398,15.444542728132703
614,-28.822851275711315,-46.42001750468115,22.39389041739826
615,-0.20197384524645745,-70.67686806956803,21.937505619844394
616,-60.203570256885826,-14.777893104727903,4.167643463151225
617,-70.56142710166196,-1.6548431364929215,23.056158438328673
618,9.219340937423933,-14.149413602149224,33.166077433888425
619,-10.908023875968347,-63.46349801007756,3.582284760450739
620,-43.795923395683396,-31.156413814237755,29.25099217938314
621,-52.447059007442384,-23.0968190947094,29.180779095485832
622,-22.68639565523339,-50.98744474107891,3.7817576056202866
623,-26.321818619867315,9.313060828386266,11.760755544723981
624,-30.053826727191495,-44.13923841909394,16.20256468458756
625,9.679181959052865,-7.42162762543836,14.614266215839752
626,8.898515758848735,9.227766583540237,7.032460187277003
627,9.781420801859714,-14.39390096303129,20.43528150249708
628,-44.004796118426896,8.057275293149416,5.087945196234251
629,8.623792791528663,9.32754581792731,0.8082564407048647
630,5.892277630688094,-62.29012361616335,34.5112381220211
631,-59.13145435568779,-16.344703766974376,23.56195239733645
632,1.2588491293085264,9.308610467092482,0.17872759721627235
633,-33.92886069496397,9.130569987046309,24.418529816910887
634,-6.08584050454684,9.443012293997786,30.939377720067988
635,-55.298873992226696,-19.56633383886546,4.315929085414197
636,9.680614805009785,-7.336595439281284,14.618225042481347
637,9.557002519290137,8.108118114307834,13.525539817122848
638,-52.13314067546156,-22.48360522459876,22.97872631609899
639,2.172618936567037,9.585404375185277,25.24476689435854
640,-34.178784916209544,9.27325105074762,17.89291742161816
641,-1.7476743771513614,9.449101283539978,12.367785158401729
642,9.464604309919185,6.952632333664953,19.95524213519715
643,-16.495901248371155,-59.45447051965171,3.482182632998513
644,5.603014524890786,-64.68634612372637,28.053349467110372
645,-60.869565686829745,7.0370271670950215,24.178165564462596
646,9.24955012716604,-33.00637762893398,27.6460692706776
647,9.671437054005903,5.817117098889794,13.848311052672187
648,3.5086588835921155,-68.8940671932516,34.586019298664574
649,7.670687779294513,9.514710325595075,19.494854175526083
650,-69.9403765648573,-4.368587752892248,16.644566578957246
651,-1.7241719347032365,9.708913082025363,25.185191916081955
652,-37.92917856520728,9.485149242239023,4.600172679950654
653,-63.33472197651834,-11.62976160266674,17.095301742654204
654,6.928071762038637,-60.35370346284228,8.869940298032756
655,-31.16622508548686,-43.52922130963789,28.611159166995755
656,-19.25839102744471,9.47271119233515,12.095381836530569
657,9.044506382713804,8.787057678310225,19.72739274890832
658,13.387512044005158,-48.223775617763415,-0.8750636171823967
659,7.182506393050003,9.579284252329387,6.8337932405387845
660,3.981186335311264,-68.15038520618677,21.80299457864219
661,9.42061845459059,-2.9852661333755943,1.6820398104694718
662,7.806877557134778,-51.50944716987438,9.140461509304622
663,9.867505006197781,-19.01156873422368,8.202453053241092
664,7.577944106299536,9.451808279773413,25.505979948866408
665,9.54686095111099,7.312892981035683,7.39470987092474
666,1.4734377084818764,-70.39994492106732,3.163094722191129
667,9.454616066435147,-6.201985261447897,20.633466342408397
668,-16.268466336210697,9.61654546506337,30.969181578350607
669,0.08021220785864254,-70.92615192502379,3.1694447400167487
670,-71.05417427871267,2.2711897531741383,23.6377812202469
671,-70.82703292631649,0.4131475362206009,30.04976249595476
672,-28.493159366788092,9.492204974160789,18.310512614147274
673,-49.3180757743641,8.191935203542684,17.402429212006147
674,9.606773520320113,5.083810799965659,32.7125489889179
675,9.663112149245523,-15.94709186820908,27.011736961222972
676,-70.84935772740799,-1.1678291556757219,11.17224142610327
677,9.507661163713383,-18.500767903119787,33.58926994842092
678,9.410781665017575,-36.172863999426866,33.7700464816334
679,9.88079607043228,-20.013936761855312,8.279337744151272
680,7.330052168122878,9.566244129567625,6.843957167635916
681,9.544959274313355,7.271081060652307,7.402872148165469
682,-5.96462180635788,9.333064310127128,12.13086838723555
683,-59.925303302618374,6.8589708637505655,5.0565020161550915
684,4.612754405429251,-66.93560427089673,34.60518663596162
685,8.125519299695826,-52.666764852551566,15.110951455987266
686,9.685033791272312,-0.5768506640497274,26.692067737616707
687,9.31329975269457,8.64162082703619,7.188079926324721
688,-0.7359204538785938,-70.7275276140994,34.66664299179086
689,-52.260195933349245,7.997098677713713,11.421769983058429
690,-61.743113723052204,-13.640483470766942,10.604109031112001
691,9.080051925961369,-37.32203086603663,21.089657923363667
692,9.464616688155076,7.959410894608721,7.296510714127592
693,9.689567706158265,-3.419300500432512,7.905033011866109
694,9.718325463572612,-0.5754505105427564,7.963854225119162
695,-15.137745720026976,-60.83257981116684,3.510203577390944
696,-4.336288336769472,9.577477056682968,18.805983475808823
697,-64.1202512944583,-11.298681456100775,4.204860673548009
698,-22.41551505661605,9.543307719506606,5.578202901699766
699,-58.696921460369936,-16.333821489748996,10.875248980689161
700,-4.371821062635229,-69.53342794604185,15.45205919414612
701,-26.1613616817288,9.30519349079685,11.764461281355574
702,9.259294060516773,-8.906542370922605,27.074287435617464
703,9.395541401374237,7.186192172565677,32.43604840133953
704,7.95610959473362,9.57759094897402,0.5706698337199666
705,9.029644547579618,9.118206986805653,7.07062673508093
706,-36.292279880380974,9.145674430830706,30.392589500082032
707,8.080322588464183,-48.73448266531696,8.966200011831022
708,7.984710803835663,-49.503703901506775,9.041423829658381
709,8.778020847756565,9.423219741523148,32.13682291700916
710,8.225842083045816,-51.357111968069965,2.409473309636138
711,5.411026820957734,9.773602975803458,31.873860660666857
712,7.285398646439857,-56.37487088305753,34.00980293612192
713,9.436232675295946,-23.751967130505736,26.994367298444853
714,-14.095218664382168,9.495583148368064,31.070317496739722
715,5.917437919119079,-63.879771275041875,28.00715855328273
716,9.530061958988227,-30.974304148482094,14.690220125642114
717,9.207820225831615,-11.842822495484024,27.032485950904885
718,0.15202543877543503,9.023442100983349,6.398621249399436
719,-0.0010666191111719848,9.63834493877397,12.5620461854396
720,-23.90766188315637,-50.393271165703865,28.9161129029442
721,9.694938815337446,-1.6856014685179956,20.23342812168248
722,9.577578067283174,-32.91857456238078,21.13254018033144
723,-38.287131079453346,-36.41506922350073,10.077102568573428
724,7.782909224428593,-56.37782833554496,27.988154763820802
725,3.733499130063131,9.442215827083903,19.099611611282658
726,9.631901255109666,4.519093124370768,32.76399450682793
727,-42.887516726636235,-35.26846938646223,23.78531285015915
728,-10.366592014194342,-66.33528032472381,15.47753293962648
729,-0.08004300431119486,9.49021024224933,31.490565118260594
730,-70.68133228588547,-0.9461607327462931,4.422599536788415
731,-67.63685191950276,-7.64610120135128,16.175511567557116
732,2.897770445152849,-69.56138131824969,34.5769907997845
733,9.618099769405518,3.7526855429684653,7.849822408427258
734,9.385221866914955,8.410061016280872,7.226010883344617
735,8.159487169006264,-52.33226012217373,15.09173843377386
736,-70.42302245024209,3.248209291870812,23.708258318124265
737,9.690192349110788,-1.11778027646999,20.15738429635998
738,-16.078149395974123,-59.46406995901416,34.989072508848494
739,0.9946574229439168,-69.99552829202612,22.03654894815371
740,9.278755662932124,7.520554513498274,25.98033639989618
741,-48.796871629212795,8.22286621784219,17.377999246598545
742,9.523267026148474,-24.131023794163813,33.210407718492704
743,8.570817065991198,-44.0474243281875,21.07441365081794
744,8.954833895381235,-46.19350858827805,34.62380083294265
745,1.9440577831032122,-69.4846612254079,22.05288390704394
746,6.559327186826044,-62.217526865615795,15.401059458901784
747,-36.98367275460585,9.080158155678975,30.313127346368425
748,9.042376150434247,8.95876001954532,1.0096380013146797
749,6.457407909616035,9.57358094699738,12.863473454208139
750,9.658309667516422,-2.9908066322273292,26.882648142448584
751,9.652213465065994,-6.268042769866074,26.879677026653006
752,9.324136376224011,8.593033185961456,7.1925504493786665
753,-31.279639532750206,9.311099135905632,18.103325490633704
754,-10.828617044383488,-64.6667262398926,28.655326112862177
755,9.019588393873715,9.121655869345606,7.066446436598634
756,5.728672142091891,-63.09781495851903,34.61576328863348
757,-21.66289186180099,9.450032938712368,24.604751968970078
758,9.743134389452791,-0.8795114277217703,7.966784355898059
759,-31.972812576151664,-42.592122906045965,16.091562697168673
760,9.582036830972095,-7.576774469113248,20.629363621384428
761,-44.15574877606578,-30.51047228732358,10.506356216557773
762,-70.70319801189758,0.4409218957487724,17.41630934524028
763,13.28765111887022,-42.43060811942132,0.2491206855137899
764,-38.87976125580856,8.903768830960306,30.28884004569369
765,9.690211088241846,-2.411366792527839,20.32645190191164
766,9.706198087642141,1.6991998667198474,20.113080333024524
767,-68.73538038435403,2.9642172418711032,10.751437377581587
768,1.7669833959977512,9.70276957814646,12.691305392577501
769,-5.7682153133682075,-67.79516324096136,28.354394754383737
770,-56.243307437466875,-20.015420081619645,22.73751138999271
771,-49.310114186220986,-24.871791947686134,22.87177660735845
772,-1.4782835715521194,-70.87585170482072,21.89326962178986
773,-70.62044739458156,-1.5003267633044508,23.052419158856736
774,9.655170299080192,-2.9903636218921776,26.882378465457805
775,-28.7028209463298,9.467923320330318,18.292535840358603
776,9.523921965890139,5.750857654711623,32.631255119337176
777,-6.449035145700684,9.389955731468456,12.175246932346136
778,5.618072809401147,-63.86762556354315,3.028339086932637
779,6.218497503706099,-63.22443557416491,15.426080483747839
780,9.414981049028272,6.759571414925356,32.49012633765475
781,-67.92279360327635,-7.067712297303798,23.570041236627365
782,-10.381111589205755,9.58538396734155,12.313403093402172
783,-19.890472020072227,9.931736549459824,31.171780265928884
784,-60.76089165919078,7.41347322127397,11.177502811248981
785,-23.786743275131776,10.160024316053347,31.176982668017253
786,-51.23252953467293,-23.284854374086184,10.491114021380525
787,-50.99004302401697,-23.37530737289166,22.953155196315645
788,9.562565853405044,-29.12099338361556,14.709236714346426
789,-29.40059961964342,9.412361878800215,5.450728824887863
790,7.163044568444418,9.86850836793879,31.96544516720806
791,6.972665384749311,9.548702503560474,12.862799654557595
792,-20.79507301919665,-53.37708783020308,23.136984773959437
793,-15.820215656115934,-58.90162381720629,9.896443789792631
794,-30.50528611183109,-44.81169501826433,3.7742105378266357
795,-63.50215436492822,-11.584988721223066,29.68092521352179
796,7.093949007268053,-58.60909219185038,21.93102548817936
797,-4.481774663086901,9.213779488555927,12.103373898290823
798,9.385902098071146,6.0140802183085995,26.143994194604215
799,10.007562061254571,-10.07185265952868,8.340473089362268
800,1.767614346192211,9.295147842811337,6.472552413266056
801,8.261326422115108,-50.06948908576102,2.337736015219627
802,-11.632616161614951,-62.98814159349712,3.622169942263973
803,-70.23186972284363,-2.4485739885734343,4.5000118842610695
804,4.176347373734137,-67.90869744875343,9.324467345267617
805,9.56383288241267,-24.971922888720762,33.12309501360777
806,9.432272770172645,-17.824998188553003,20.629505735708648
807,-39.387348970485746,-35.31984635940376,16.307427043050875
808,9.50250523518297,2.6013117583271606,32.701563966744615
809,9.39264156116146,-29.519226631868396,27.318616896741343
810,9.489689031004145,3.989631697967255,26.425928804446055
811,-5.59357833845359,9.649551865034036,18.756670401720633
812,9.520089124072298,-18.617176040156544,33.58811470132281
813,-21.920412341035764,9.403968789733215,18.38966591474734
814,-66.30417659611268,5.474131041076844,4.751886262892972
815,-71.00992208608731,2.412151325359979,23.657531281430238
816,-53.78382616344349,-21.588838279645408,29.318087211372642
817,9.629641495162343,3.962559848779602,7.8461623248293675
818,-45.88646126610616,-29.277170607446088,23.234378286089633
819,9.553627891358614,5.66561210540924,1.3215533893928715
820,-13.709886925366586,9.373607280470619,5.9060029317095495
821,-59.436318995801024,7.93012947133619,11.354984024727354
822,5.076434457416784,-65.9500103530625,28.14911585183868
823,-4.432686850286432,9.57990526024995,18.799480689210714
824,6.013256843201769,-62.6347822409513,3.0007640040475017
825,9.523085301876154,1.5438265340573303,32.6615480334599
826,9.539950569665173,1.326668510531071,32.66229762443341
827,8.973738784406397,9.21950220647785,13.230620287667495
828,9.652462397833265,-9.466382404326877,1.7327959643136157
829,-68.74100447450459,3.9127187882562318,4.643693051270416
830,-63.83114953696678,5.258343308803299,30.317359631646553
831,9.542998193120898,5.599481580934787,32.65076992192343
832,9.150617957626661,8.25087272294748,25.841017772263825
833,9.359852509909155,8.198238562014613,1.208220130287636
834,-3.7587269944157824,-69.93643517035574,3.137280181910092
835,-65.58935782332853,-8.837133766223916,10.862710870749952
836,-70.81332812882837,1.8422770002596174,4.591515309402177
837,-11.74797759937339,9.366673568638216,31.173388185756163
838,9.709436912027494,-1.839796310197584,14.200252398414602
839,5.004321875765574,-65.50359232358991,3.0577054460463993
840,9.569470758844087,7.175422698591769,7.417160781275141
841,9.463144917271942,-32.85311200720723,33.76354333489979
842,9.238333024703149,-32.06261796671928,27.49627299217492
843,-21.46240386240705,9.41634738857204,18.369263859460787
844,-23.15019060684119,9.554703908731613,5.561656035153357
845,-21.71188531083047,10.11988584264167,31.25318817110005
846,1.7136410084924178,-70.55522735971432,15.786674676064143
847,-4.345942538180539,9.224163716199277,12.109777574211977
848,-31.35029863952301,9.301448494585065,30.80447724762505
849,9.139092365635763,9.066454963286526,13.298582551859571
850,-22.643067508941517,-52.583342866345866,9.794013709040215
851,7.694271273222545,9.427533433559386,25.518199998658893
852,-19.859468376744083,-55.15654449505629,16.333751494562808
853,-14.69516482401898,9.373427563973454,5.868625808300192
854,-0.9315072394215577,-70.34444185841834,9.347953237981056
855,9.6034257902492,7.762848428064745,13.583598352205446
856,9.778703049549028,-4.722873964675966,7.987631990064701
857,9.247345075243533,7.835689165441686,25.926450524650186
858,-10.155691806334946,9.425443127025648,6.137646042470125
859,9.446682732279076,6.311700823100966,32.55333354832959
860,-70.79779473139914,1.0064244963756606,30.223193711747694
861,-49.7342021008624,8.178804247880098,17.42070861040643
862,9.207769676370344,8.040558113129574,25.886931810509985
863,6.645863753118211,9.555554530060387,12.858976267439743
864,-26.357878401419867,9.181221878892986,24.27370962368294
865,-70.96358537026447,2.5364501702216424,23.673024222854906
866,9.68381456709616,-3.5386821061810663,20.46407049116857
867,9.283655779831346,7.598219242103516,25.967556807403092
868,-68.6154461064352,-5.267147561425832,29.78974352841636
869,2.3817301831708013,-69.99597514337027,34.58115703370327
870,9.638722723603845,-0.15407000083994296,14.138783244813604
871,9.494999017286563,3.5201533582458433,26.514739514253325
872,5.906115859341974,-62.98571967894419,3.009138557048108
873,-3.442385675508961,-69.58080319333685,9.53684336746368
874,9.596561022097818,4.684022173563919,1.3734043688197421
875,-22.608476886410237,-52.63232227975461,9.78591488823146
876,0.603287308583534,9.481077063144205,31.54196158063317
877,-19.395303759791947,-55.715179517232116,16.332063812157962
878,-2.4446202707025106,9.66953106908434,25.134099165069042
879,9.879848035294078,-10.682843571890393,20.50996346940289
880,-2.2436042870602115,9.493266089186902,18.89166868613606
881,-17.635924760993742,9.506428094568369,24.617981446192132
882,9.75669602893752,-1.074796875321708,7.964712943589847
883,-29.90278156671776,9.276764498001715,30.74798539833352
884,9.1882601815153,-34.06303845739766,8.548989995490698
885,-70.01445351888833,-4.07857416778313,16.685833212054778
886,9.116323626846137,-34.77223013453404,27.664845394057618
887,9.750143648044148,-16.795206659097307,14.473900968056402
888,9.57488394706416,-21.867284009789707,14.883792692706553
889,-16.627270005268244,-58.51138844156979,22.464270536818326
890,3.1570547228214862,9.679595891206159,12.748424054902834
891,-70.64326410426888,-1.1785332795297272,17.096151290639863
892,9.18651348357345,-35.09248721927774,8.47219163854326
893,3.1446566535433833,9.501400042878306,25.26712551926308
894,-69.8909587860555,-3.97867185364922,10.775637560340625
895,10.039001066198356,-11.98626130930309,14.563334549981473
896,-1.5363526111986228,9.715127673973118,25.192249072262104
897,-25.680462095849357,9.549662324814419,5.50856028769414
898,5.330191735548445,9.48081902577456,0.26466291673591474
899,3.854636237201934,-68.33059554275144,28.289013088593276
900,-67.38185790775343,4.382107769823636,10.824764157182793
